{"cameraMode":{"drawMode":0,"name":"Shaded","section":"Shading Mode"},"sceneLighting":false,"audioPlay":false,"sceneViewState":{"showFog":true,"showMaterialUpdate":true,"showSkybox":true,"showFlares":true,"showImageEffects":true,"showParticleSystems":true},"in2DMode":false,"pivot":{"x":-0.0016550421714782715,"y":0.30000001192092898,"z":0.0},"rotation":{"x":0.153908833861351,"y":-0.3750257194042206,"z":0.06729928404092789,"w":0.911668062210083},"size":1.3750065565109254,"orthographic":false}