{"cameraMode":{"drawMode":0,"name":"Shaded","section":"Shading Mode"},"sceneLighting":true,"audioPlay":false,"sceneViewState":{"showFog":true,"showMaterialUpdate":false,"showSkybox":true,"showFlares":true,"showImageEffects":true,"showParticleSystems":true},"in2DMode":false,"pivot":{"x":-14.61673355102539,"y":-1.157299518585205,"z":-0.9422630071640015},"rotation":{"x":-0.09225121140480042,"y":-0.018509315326809884,"z":0.001709330128505826,"w":-0.9955622553825378},"size":21.812103271484376,"orthographic":false}