{"cameraMode":{"drawMode":0,"name":"Shaded","section":"Shading Mode"},"sceneLighting":true,"audioPlay":false,"sceneViewState":{"showFog":true,"showMaterialUpdate":false,"showSkybox":true,"showFlares":true,"showImageEffects":true,"showParticleSystems":true},"in2DMode":false,"pivot":{"x":-8.6899995803833,"y":-0.10000000149011612,"z":-15.279999732971192},"rotation":{"x":0.0640324056148529,"y":0.6940696835517883,"z":-0.06221451982855797,"w":0.7143505215644836},"size":22.75275421142578,"orthographic":false}