{"cameraMode":{"drawMode":0,"name":"Shaded","section":"Shading Mode"},"sceneLighting":true,"audioPlay":false,"sceneViewState":{"showFog":true,"showMaterialUpdate":false,"showSkybox":true,"showFlares":true,"showImageEffects":true,"showParticleSystems":true},"in2DMode":false,"pivot":{"x":-8.239998817443848,"y":3.725290298461914e-9,"z":-15.35999870300293},"rotation":{"x":0.11901719123125076,"y":0.04019984230399132,"z":-0.004822785034775734,"w":0.9920663833618164},"size":0.3500174283981323,"orthographic":false}