{"cameraMode":{"drawMode":0,"name":"Shaded","section":"Shading Mode"},"sceneLighting":false,"audioPlay":false,"sceneViewState":{"showFog":true,"showMaterialUpdate":true,"showSkybox":true,"showFlares":true,"showImageEffects":true,"showParticleSystems":true},"in2DMode":false,"pivot":{"x":-6.230000019073486,"y":1.1624999046325684,"z":-0.06999999284744263},"rotation":{"x":0.16117557883262635,"y":-0.6942504048347473,"z":0.1697484254837036,"w":0.6806058287620544},"size":16.782922744750978,"orthographic":false}