{"cameraMode":{"drawMode":0,"name":"Shaded","section":"Shading Mode"},"sceneLighting":false,"audioPlay":false,"sceneViewState":{"showFog":true,"showMaterialUpdate":true,"showSkybox":true,"showFlares":true,"showImageEffects":true,"showParticleSystems":true},"in2DMode":false,"pivot":{"x":5.670685768127441,"y":5.404628753662109,"z":0.0},"rotation":{"x":0.055049099028110507,"y":-0.7990926504135132,"z":0.07404573261737824,"w":0.5940856337547302},"size":58.262847900390628,"orthographic":false}