{"cameraMode":{"drawMode":0,"name":"Shaded","section":"Shading Mode"},"sceneLighting":false,"audioPlay":false,"sceneViewState":{"showFog":true,"showMaterialUpdate":true,"showSkybox":true,"showFlares":true,"showImageEffects":true,"showParticleSystems":true},"in2DMode":false,"pivot":{"x":-0.29999998211860659,"y":34.900001525878909,"z":0.0},"rotation":{"x":0.18828155100345612,"y":-0.04110492393374443,"z":0.011592348106205464,"w":0.981186032295227},"size":4.594742774963379,"orthographic":false}