{"cameraMode":{"drawMode":0,"name":"Shaded","section":"Shading Mode"},"sceneLighting":false,"audioPlay":false,"sceneViewState":{"showFog":true,"showMaterialUpdate":true,"showSkybox":true,"showFlares":true,"showImageEffects":true,"showParticleSystems":true},"in2DMode":false,"pivot":{"x":0.14334198832511903,"y":0.7624381184577942,"z":0.42895612120628359},"rotation":{"x":0.10838284343481064,"y":-0.027632664889097215,"z":0.006672500167042017,"w":0.99370276927948},"size":6.6601762771606449,"orthographic":false}