{"cameraMode":{"drawMode":0,"name":"Shaded","section":"Shading Mode"},"sceneLighting":true,"audioPlay":false,"sceneViewState":{"showFog":true,"showMaterialUpdate":true,"showSkybox":true,"showFlares":true,"showImageEffects":true,"showParticleSystems":true},"in2DMode":false,"pivot":{"x":-12.708871841430664,"y":18.487499237060548,"z":-12.751532554626465},"rotation":{"x":0.03264771029353142,"y":-0.9586682915687561,"z":0.24354664981365205,"w":0.14343784749507905},"size":55.60432434082031,"orthographic":false}