{"cameraMode":{"drawMode":0,"name":"Shaded","section":"Shading Mode"},"sceneLighting":false,"audioPlay":false,"sceneViewState":{"showFog":true,"showMaterialUpdate":true,"showSkybox":true,"showFlares":true,"showImageEffects":true,"showParticleSystems":true},"in2DMode":false,"pivot":{"x":0.000003814697265625,"y":6.496077537536621,"z":0.0000019073486328125},"rotation":{"x":-0.051521848887205127,"y":0.7544164061546326,"z":-0.0596444308757782,"w":-0.6516472101211548},"size":94.64525604248047,"orthographic":false}