{"cameraMode":{"drawMode":0,"name":"Shaded","section":"Shading Mode"},"sceneLighting":true,"audioPlay":false,"sceneViewState":{"showFog":true,"showMaterialUpdate":false,"showSkybox":true,"showFlares":true,"showImageEffects":true,"showParticleSystems":true},"in2DMode":false,"pivot":{"x":-86.86820983886719,"y":-1.813671588897705,"z":20.569644927978517},"rotation":{"x":0.13248316943645478,"y":-0.018780682235956193,"z":0.002512232167646289,"w":0.9910041093826294},"size":1287.3057861328125,"orthographic":false}